USE `jonesauto_db`;

INSERT INTO `Seller` (`seller_name`, `seller_type`, `phone`, `address`, `city`, `state`, `zip`) VALUES
('Lethbridge Auto Traders', 'Dealer', '403-555-0101', '111 Main St', 'Lethbridge', 'Alberta', 'T1H 1A1'),
('Prairie Car Auctions', 'Auction', '403-555-0202', '222 Market Ave', 'Lethbridge', 'Alberta', 'T1K 2B2'),
('Mountain Motors', 'Private', '403-555-0303', '333 Hill Rd', 'Lethbridge', 'Alberta', 'T1J 3C3'),
('River City Cars', 'Dealer', '403-555-0404', '444 River St', 'Lethbridge', 'Alberta', 'T1H 4D4'),
('Valley Auto Sales', 'Dealer', '403-555-0505', '555 Valley Rd', 'Lethbridge', 'Alberta', 'T1K 5E5'),
('Highway Motors', 'Private', '403-555-0606', '666 Highway Ave', 'Lethbridge', 'Alberta', 'T1J 6F6'),
('Prairie Traders', 'Auction', '403-555-0707', '777 Prairie Blvd', 'Lethbridge', 'Alberta', 'T1H 7G7'),
('Lethbridge Imports', 'Dealer', '403-555-0808', '888 Import Ln', 'Lethbridge', 'Alberta', 'T1K 8H8'),
('Mountain Auctions', 'Auction', '403-555-0909', '999 Mountain Dr', 'Lethbridge', 'Alberta', 'T1J 9I9'),
('River Motors', 'Private', '403-555-1010', '1010 River Way', 'Lethbridge', 'Alberta', 'T1H 0J0'),
('Valley Cars', 'Dealer', '403-555-1111', '1111 Valley St', 'Lethbridge', 'Alberta', 'T1K 1K1'),
('Highway Traders', 'Auction', '403-555-1212', '1212 Highway Rd', 'Lethbridge', 'Alberta', 'T1J 2L2'),
('Prairie Motors', 'Private', '403-555-1313', '1313 Prairie Ave', 'Lethbridge', 'Alberta', 'T1H 3M3'),
('Lethbridge Classics', 'Dealer', '403-555-1414', '1414 Classic Blvd', 'Lethbridge', 'Alberta', 'T1K 4N4'),
('Mountain Cars', 'Dealer', '403-555-1515', '1515 Mountain Ln', 'Lethbridge', 'Alberta', 'T1J 5O5'),
('River Auctions', 'Auction', '403-555-1616', '1616 River Dr', 'Lethbridge', 'Alberta', 'T1H 6P6'),
('Valley Motors', 'Private', '403-555-1717', '1717 Valley Way', 'Lethbridge', 'Alberta', 'T1K 7Q7'),
('Highway Cars', 'Dealer', '403-555-1818', '1818 Highway St', 'Lethbridge', 'Alberta', 'T1J 8R8'),
('Prairie Classics', 'Dealer', '403-555-1919', '1919 Prairie Rd', 'Lethbridge', 'Alberta', 'T1H 9S9'),
('Lethbridge Auctions', 'Auction', '403-555-2020', '2020 Lethbridge Ave', 'Lethbridge', 'Alberta', 'T1K 0T0');

INSERT INTO `Buyer` (`first_name`, `last_name`, `phone`, `email`) VALUES
('Aaron', 'Brown', '403-555-1001', 'aaron.brown@example.com'),
('Beth', 'Carlson', '403-555-1002', 'beth.carlson@example.com'),
('Cindy', 'Davis', '403-555-1003', 'cindy.davis@example.com'),
('Derek', 'Evans', '403-555-1004', 'derek.evans@example.com'),
('Emily', 'Foster', '403-555-1005', 'emily.foster@example.com'),
('Frank', 'Garcia', '403-555-1006', 'frank.garcia@example.com'),
('Grace', 'Hill', '403-555-1007', 'grace.hill@example.com'),
('Henry', 'Irwin', '403-555-1008', 'henry.irwin@example.com'),
('Isla', 'Jones', '403-555-1009', 'isla.jones@example.com'),
('Jake', 'King', '403-555-1010', 'jake.king@example.com'),
('Kara', 'Lee', '403-555-1011', 'kara.lee@example.com'),
('Liam', 'Miller', '403-555-1012', 'liam.miller@example.com'),
('Mia', 'Nelson', '403-555-1013', 'mia.nelson@example.com'),
('Noah', 'Owen', '403-555-1014', 'noah.owen@example.com'),
('Olivia', 'Parker', '403-555-1015', 'olivia.parker@example.com'),
('Quinn', 'Quinn', '403-555-1016', 'quinn.quinn@example.com'),
('Ryan', 'Smith', '403-555-1017', 'ryan.smith@example.com'),
('Sara', 'Taylor', '403-555-1018', 'sara.taylor@example.com'),
('Tyler', 'Upton', '403-555-1019', 'tyler.upton@example.com'),
('Uma', 'Vargas', '403-555-1020', 'uma.vargas@example.com');

INSERT INTO `Customer` (`first_name`, `last_name`, `phone`, `address`, `city`, `state`, `zip`, `gender`, `date_of_birth`, `tax_payer_id`, `number_of_late_payments`, `average_days_late`) VALUES
('David', 'Evans', '403-555-2001', '10 College Way', 'Lethbridge', 'Alberta', 'T1K 4D4', 'Male', '1988-02-15', 'TX123456', 1, 2.00),
('Emily', 'Foster', '403-555-2002', '25 University Dr', 'Lethbridge', 'Alberta', 'T1K 5E5', 'Female', '1992-07-08', 'TX234567', 0, 0.00),
('Frank', 'Green', '403-555-2003', '40 River Rd', 'Lethbridge', 'Alberta', 'T1K 6F6', 'Male', '1975-11-30', 'TX345678', 2, 5.50),
('Grace', 'Hill', '403-555-2004', '55 Valley Way', 'Lethbridge', 'Alberta', 'T1K 7G7', 'Female', '1985-03-22', 'TX456789', 0, 0.00),
('Hannah', 'Irwin', '403-555-2005', '70 Mountain Ln', 'Lethbridge', 'Alberta', 'T1K 8H8', 'Female', '1990-05-10', 'TX567890', 1, 3.00),
('Ian', 'Jones', '403-555-2006', '85 Prairie Blvd', 'Lethbridge', 'Alberta', 'T1K 9I9', 'Male', '1982-09-14', 'TX678901', 0, 0.00),
('Julia', 'King', '403-555-2007', '100 Highway Ave', 'Lethbridge', 'Alberta', 'T1K 0J0', 'Female', '1978-12-05', 'TX789012', 3, 7.00),
('Kevin', 'Lee', '403-555-2008', '115 Valley St', 'Lethbridge', 'Alberta', 'T1K 1K1', 'Male', '1995-01-20', 'TX890123', 0, 0.00),
('Laura', 'Miller', '403-555-2009', '130 River Way', 'Lethbridge', 'Alberta', 'T1K 2L2', 'Female', '1987-04-18', 'TX901234', 1, 1.50),
('Mike', 'Nelson', '403-555-2010', '145 Mountain Dr', 'Lethbridge', 'Alberta', 'T1K 3M3', 'Male', '1970-08-25', 'TX012345', 2, 4.00),
('Nina', 'Owen', '403-555-2011', '160 Prairie Rd', 'Lethbridge', 'Alberta', 'T1K 4N4', 'Female', '1993-11-12', 'TX123456', 0, 0.00),
('Oscar', 'Parker', '403-555-2012', '175 Highway Blvd', 'Lethbridge', 'Alberta', 'T1K 5O5', 'Male', '1984-06-30', 'TX234567', 1, 2.50),
('Paula', 'Quinn', '403-555-2013', '190 Valley Ln', 'Lethbridge', 'Alberta', 'T1K 6P6', 'Female', '1976-10-08', 'TX345678', 0, 0.00),
('Quinn', 'Ryan', '403-555-2014', '205 River Ave', 'Lethbridge', 'Alberta', 'T1K 7Q7', 'Male', '1991-03-15', 'TX456789', 2, 6.00),
('Rachel', 'Smith', '403-555-2015', '220 Mountain Way', 'Lethbridge', 'Alberta', 'T1K 8R8', 'Female', '1989-07-22', 'TX567890', 0, 0.00),
('Steve', 'Taylor', '403-555-2016', '235 Prairie St', 'Lethbridge', 'Alberta', 'T1K 9S9', 'Male', '1979-12-01', 'TX678901', 1, 3.50),
('Tina', 'Upton', '403-555-2017', '250 Highway Dr', 'Lethbridge', 'Alberta', 'T1K 0T0', 'Female', '1994-02-28', 'TX789012', 0, 0.00),
('Ulysses', 'Vargas', '403-555-2018', '265 Valley Blvd', 'Lethbridge', 'Alberta', 'T1K 1U1', 'Male', '1981-05-17', 'TX890123', 3, 8.00),
('Victoria', 'Wilson', '403-555-2019', '280 River Ln', 'Lethbridge', 'Alberta', 'T1K 2V2', 'Female', '1986-09-09', 'TX901234', 0, 0.00),
('Walter', 'Xavier', '403-555-2020', '295 Mountain Ave', 'Lethbridge', 'Alberta', 'T1K 3W3', 'Male', '1974-11-26', 'TX012345', 1, 4.50);

INSERT INTO `Salesperson` (`first_name`, `last_name`, `phone`) VALUES
('Henry', 'Irwin', '403-555-3001'),
('Isla', 'Jones', '403-555-3002'),
('Jake', 'King', '403-555-3003'),
('Kara', 'Lee', '403-555-3004'),
('Liam', 'Miller', '403-555-3005'),
('Mia', 'Nelson', '403-555-3006'),
('Noah', 'Owen', '403-555-3007'),
('Olivia', 'Parker', '403-555-3008'),
('Quinn', 'Quinn', '403-555-3009'),
('Ryan', 'Smith', '403-555-3010'),
('Sara', 'Taylor', '403-555-3011'),
('Tyler', 'Upton', '403-555-3012'),
('Uma', 'Vargas', '403-555-3013'),
('Victoria', 'Wilson', '403-555-3014'),
('Walter', 'Xavier', '403-555-3015'),
('Xander', 'Young', '403-555-3016'),
('Yara', 'Zane', '403-555-3017'),
('Zoe', 'Adams', '403-555-3018'),
('Aaron', 'Baker', '403-555-3019'),
('Beth', 'Carter', '403-555-3020');

INSERT INTO `Warranty_Policy` (`policy_name`, `component_type`, `coverage_description`, `standard_length`, `standard_cost`, `standard_deductible`) VALUES
('Basic Powertrain', 'Powertrain', 'Covers engine, transmission, and drivetrain components', 36, 599.00, 100.00),
('Extended Powertrain', 'Powertrain', 'Extended coverage for powertrain with higher mileage limits', 60, 999.00, 150.00),
('Comprehensive Coverage', 'Full Vehicle', 'Bumper-to-bumper coverage including all major systems', 36, 1499.00, 200.00),
('Premium Bumper-to-Bumper', 'Full Vehicle', 'Premium coverage with lowest deductible for peace of mind', 48, 1999.00, 50.00),
('Engine Protection Plan', 'Engine', 'Specialized engine and internal component protection', 60, 799.00, 100.00),
('Transmission Protection', 'Transmission', 'Complete transmission repair and replacement coverage', 60, 899.00, 150.00),
('Roadside Assistance', 'Services', 'Includes towing, lockout, and roadside emergency services', 24, 199.00, 0.00),
('Wear & Tear Coverage', 'Maintenance', 'Covers wear items like brakes, tires, and batteries', 36, 449.00, 50.00);

INSERT INTO `Vehicle` (`make`, `model`, `year`, `color`, `miles`, `condition`, `book_price`, `style`, `interior_color`, `status`) VALUES
('Toyota', 'Camry', 2015, 'Silver', 85000, 'Good', 13500.00, 'Sedan', 'Black', 'Sold'),
('Honda', 'Civic', 2016, 'Blue', 76000, 'Good', 12500.00, 'Sedan', 'Gray', 'Sold'),
('Ford', 'Escape', 2014, 'White', 92000, 'Fair', 11200.00, 'SUV', 'Beige', 'Sold'),
('Chevrolet', 'Malibu', 2017, 'Red', 64000, 'Good', 14200.00, 'Sedan', 'Black', 'Sold'),
('Nissan', 'Rogue', 2015, 'Green', 81000, 'Good', 13800.00, 'SUV', 'Gray', 'Sold'),
('BMW', 'X3', 2018, 'Black', 55000, 'Excellent', 25000.00, 'SUV', 'Black', 'Sold'),
('Mercedes', 'C-Class', 2019, 'White', 45000, 'Excellent', 28000.00, 'Sedan', 'Beige', 'Sold'),
('Audi', 'Q5', 2017, 'Gray', 60000, 'Good', 22000.00, 'SUV', 'Black', 'Sold'),
('Volkswagen', 'Golf', 2016, 'Blue', 70000, 'Good', 11500.00, 'Hatchback', 'Gray', 'Sold'),
('Hyundai', 'Tucson', 2015, 'Red', 85000, 'Fair', 10800.00, 'SUV', 'Beige', 'Sold'),
('Kia', 'Sorento', 2018, 'Silver', 50000, 'Good', 19500.00, 'SUV', 'Black', 'Sold'),
('Subaru', 'Outback', 2017, 'Green', 65000, 'Good', 16500.00, 'Wagon', 'Gray', 'Sold'),
('Mazda', 'CX-5', 2019, 'White', 40000, 'Excellent', 21000.00, 'SUV', 'Beige', 'Sold'),
('Jeep', 'Grand Cherokee', 2016, 'Black', 75000, 'Good', 18500.00, 'SUV', 'Black', 'Sold'),
('Chrysler', '300', 2015, 'Blue', 90000, 'Fair', 9500.00, 'Sedan', 'Gray', 'Sold'),
('Dodge', 'Charger', 2018, 'Red', 55000, 'Good', 17500.00, 'Sedan', 'Black', 'Sold'),
('Ram', '1500', 2017, 'Silver', 60000, 'Good', 22000.00, 'Truck', 'Gray', 'Sold'),
('GMC', 'Sierra', 2019, 'White', 35000, 'Excellent', 28000.00, 'Truck', 'Beige', 'Sold'),
('Chevrolet', 'Silverado', 2016, 'Black', 70000, 'Good', 19500.00, 'Truck', 'Black', 'Sold'),
('Ford', 'F-150', 2018, 'Blue', 50000, 'Excellent', 25000.00, 'Truck', 'Gray', 'Sold'),
('Honda', 'Accord', 2017, 'Silver', 62000, 'Good', 15500.00, 'Sedan', 'Black', 'Available'),
('Toyota', 'RAV4', 2019, 'White', 35000, 'Excellent', 23000.00, 'SUV', 'Beige', 'Available'),
('Chevrolet', 'Equinox', 2018, 'Gray', 55000, 'Good', 16800.00, 'SUV', 'Black', 'Available'),
('Ford', 'Fusion', 2016, 'Blue', 78000, 'Fair', 10500.00, 'Sedan', 'Gray', 'Available'),
('VW', 'Jetta', 2017, 'Red', 68000, 'Good', 12500.00, 'Sedan', 'Black', 'Available');

INSERT INTO `Purchase` (`vehicle_id`, `buyer_id`, `seller_id`, `purchase_date`, `location`, `is_auction`, `price_paid`) VALUES
(1, 1, 1, '2024-01-10', 'Lethbridge', 0, 12000.00),
(2, 2, 2, '2024-02-18', 'Lethbridge', 1, 11000.00),
(3, 3, 3, '2024-03-22', 'Lethbridge', 0, 10500.00),
(4, 1, 1, '2024-04-05', 'Lethbridge', 0, 13000.00),
(5, 2, 2, '2024-05-12', 'Lethbridge', 1, 12800.00),
(6, 3, 4, '2024-06-15', 'Lethbridge', 0, 24000.00),
(7, 4, 5, '2024-07-20', 'Lethbridge', 1, 27000.00),
(8, 5, 6, '2024-08-25', 'Lethbridge', 0, 21000.00),
(9, 6, 7, '2024-09-30', 'Lethbridge', 1, 10500.00),
(10, 7, 8, '2024-10-05', 'Lethbridge', 0, 10000.00),
(11, 8, 9, '2024-11-10', 'Lethbridge', 1, 18500.00),
(12, 9, 10, '2024-12-15', 'Lethbridge', 0, 15500.00),
(13, 10, 11, '2025-01-20', 'Lethbridge', 1, 20000.00),
(14, 11, 12, '2025-02-25', 'Lethbridge', 0, 17500.00),
(15, 12, 13, '2025-03-30', 'Lethbridge', 1, 16500.00),
(16, 13, 14, '2025-04-05', 'Lethbridge', 0, 21000.00),
(17, 14, 15, '2025-05-10', 'Lethbridge', 1, 27000.00),
(18, 15, 16, '2025-06-15', 'Lethbridge', 0, 18500.00),
(19, 16, 17, '2025-07-20', 'Lethbridge', 1, 24000.00),
(20, 17, 18, '2025-08-25', 'Lethbridge', 0, 9000.00);

INSERT INTO `Repair` (`purchase_id`, `vehicle_id`, `problem_number`, `problem_description`, `estimated_repair_cost`, `actual_repair_cost`) VALUES
(1, 1, 1, 'Front brake pads replacement', 400.00, 420.00),
(1, 1, 2, 'Oil change and filter', 75.00, 70.00),
(2, 2, 1, 'Battery replacement', 180.00, 175.00),
(3, 3, 1, 'AC compressor repair', 800.00, 820.00),
(5, 5, 1, 'Wheel alignment', 120.00, 115.00),
(6, 6, 1, 'Tire rotation', 50.00, 45.00),
(7, 7, 1, 'Engine tune-up', 300.00, 310.00),
(8, 8, 1, 'Transmission fluid change', 150.00, 145.00),
(9, 9, 1, 'Brake fluid flush', 80.00, 75.00),
(10, 10, 1, 'Spark plug replacement', 200.00, 195.00),
(11, 11, 1, 'Air filter replacement', 40.00, 35.00),
(12, 12, 1, 'Coolant flush', 100.00, 95.00),
(13, 13, 1, 'Fuel filter change', 60.00, 55.00),
(14, 14, 1, 'Timing belt replacement', 500.00, 520.00),
(15, 15, 1, 'Exhaust system repair', 250.00, 260.00),
(16, 16, 1, 'Suspension alignment', 180.00, 175.00),
(17, 17, 1, 'Headlight bulb replacement', 30.00, 25.00),
(18, 18, 1, 'Radiator repair', 400.00, 410.00),
(19, 19, 1, 'Alternator replacement', 350.00, 360.00),
(20, 20, 1, 'Muffler repair', 150.00, 155.00);

INSERT INTO `Sale` (`vehicle_id`, `customer_id`, `salesperson_id`, `sale_date`, `total_due`, `down_payment`, `financed_amount`, `sale_price`, `salesperson_commission`) VALUES
(1, 1, 1, '2024-01-15', 15000.00, 3000.00, 12000.00, 14000.00, 700.00),
(2, 2, 2, '2024-02-20', 13500.00, 2700.00, 10800.00, 13000.00, 650.00),
(3, 3, 3, '2024-03-25', 12000.00, 2400.00, 9600.00, 11500.00, 575.00),
(4, 4, 4, '2024-04-10', 16000.00, 3200.00, 12800.00, 15500.00, 775.00),
(5, 5, 5, '2024-05-15', 15500.00, 3100.00, 12400.00, 15000.00, 750.00),
(6, 6, 6, '2024-06-18', 28000.00, 5600.00, 22400.00, 27000.00, 1350.00),
(7, 7, 7, '2024-07-22', 31000.00, 6200.00, 24800.00, 30000.00, 1500.00),
(8, 8, 8, '2024-08-28', 24000.00, 4800.00, 19200.00, 23500.00, 1175.00),
(9, 9, 9, '2024-10-02', 12000.00, 2400.00, 9600.00, 11500.00, 575.00),
(10, 10, 10, '2024-10-08', 11500.00, 2300.00, 9200.00, 11000.00, 550.00),
(11, 11, 11, '2024-11-12', 21000.00, 4200.00, 16800.00, 20500.00, 1025.00),
(12, 12, 12, '2024-12-18', 17500.00, 3500.00, 14000.00, 17000.00, 850.00),
(13, 13, 13, '2025-01-22', 23000.00, 4600.00, 18400.00, 22000.00, 1100.00),
(14, 14, 14, '2025-02-28', 19500.00, 3900.00, 15600.00, 19000.00, 950.00),
(15, 15, 15, '2025-03-31', 18000.00, 3600.00, 14400.00, 17500.00, 875.00),
(16, 16, 16, '2025-04-08', 24000.00, 4800.00, 19200.00, 23000.00, 1150.00),
(17, 17, 17, '2025-05-12', 31000.00, 6200.00, 24800.00, 30000.00, 1500.00),
(18, 18, 18, '2025-06-18', 20500.00, 4100.00, 16400.00, 20000.00, 1000.00),
(19, 19, 19, '2025-07-22', 27500.00, 5500.00, 22000.00, 26000.00, 1300.00),
(20, 20, 20, '2025-08-28', 10000.00, 2000.00, 8000.00, 9500.00, 475.00);

INSERT INTO `Warranty_Sale` (`sale_id`, `policy_id`, `vehicle_id`, `customer_id`, `salesperson_id`, `warranty_sale_date`, `warranty_start_date`, `warranty_length`, `deductible`, `total_cost`, `monthly_cost`, `paid_upfront_flag`) VALUES
(1, 1, 1, 1, 1, '2024-01-15', '2024-01-15', 36, 100.00, 599.00, 16.64, 1),
(2, 2, 2, 2, 2, '2024-02-20', '2024-02-20', 60, 150.00, 999.00, 16.65, 1),
(3, 3, 3, 3, 3, '2024-03-25', '2024-03-25', 36, 200.00, 1499.00, 41.64, 1),
(4, 4, 4, 4, 4, '2024-04-10', '2024-04-10', 48, 50.00, 1999.00, 41.65, 1),
(5, 5, 5, 5, 5, '2024-05-15', '2024-05-15', 60, 100.00, 799.00, 13.32, 1),
(6, 6, 6, 6, 6, '2024-06-18', '2024-06-18', 60, 150.00, 899.00, 14.98, 1),
(7, 7, 7, 7, 7, '2024-07-22', '2024-07-22', 24, 0.00, 199.00, 8.29, 1),
(8, 8, 8, 8, 8, '2024-08-28', '2024-08-28', 36, 50.00, 449.00, 12.47, 1),
(9, 1, 9, 9, 9, '2024-10-02', '2024-10-02', 36, 100.00, 599.00, 16.64, 1),
(10, 2, 10, 10, 10, '2024-10-08', '2024-10-08', 60, 150.00, 999.00, 16.65, 1),
(11, 3, 11, 11, 11, '2024-11-12', '2024-11-12', 36, 200.00, 1499.00, 41.64, 1),
(12, 4, 12, 12, 12, '2024-12-18', '2024-12-18', 48, 50.00, 1999.00, 41.65, 1),
(13, 5, 13, 13, 13, '2025-01-22', '2025-01-22', 60, 100.00, 799.00, 13.32, 1),
(14, 6, 14, 14, 14, '2025-02-28', '2025-02-28', 60, 150.00, 899.00, 14.98, 1),
(15, 7, 15, 15, 15, '2025-03-31', '2025-03-31', 24, 0.00, 199.00, 8.29, 1),
(16, 8, 16, 16, 16, '2025-04-08', '2025-04-08', 36, 50.00, 449.00, 12.47, 1),
(17, 1, 17, 17, 17, '2025-05-12', '2025-05-12', 36, 100.00, 599.00, 16.64, 1),
(18, 2, 18, 18, 18, '2025-06-18', '2025-06-18', 60, 150.00, 999.00, 16.65, 1),
(19, 3, 19, 19, 19, '2025-07-22', '2025-07-22', 36, 200.00, 1499.00, 41.64, 1),
(20, 4, 20, 20, 20, '2025-08-28', '2025-08-28', 48, 50.00, 1999.00, 41.65, 1);

INSERT INTO `Payment` (`customer_id`, `sale_id`, `warranty_sale_id`, `payment_date`, `due_date`, `paid_date`, `amount`, `bank_account`) VALUES
(1, 1, 1, '2024-06-01', '2024-07-01', '2024-06-15', 2000.00, 'ACC001'),
(2, 2, 2, '2024-07-15', '2024-08-15', '2024-07-20', 3000.00, 'ACC002'),
(3, 3, 3, '2024-08-20', '2024-09-20', '2024-08-25', 1500.00, 'ACC003'),
(4, 4, 4, '2024-09-10', '2024-10-10', '2024-09-12', 4000.00, 'ACC004'),
(5, 5, 5, '2024-10-05', '2024-11-05', '2024-10-10', 2500.00, 'ACC005'),
(6, 6, 6, '2024-11-12', '2024-12-12', '2024-11-15', 5000.00, 'ACC006'),
(7, 7, 7, '2024-12-18', '2025-01-18', '2024-12-20', 6000.00, 'ACC007'),
(8, 8, 8, '2025-01-22', '2025-02-22', '2025-01-25', 3500.00, 'ACC008'),
(9, 9, 9, '2025-02-14', '2025-03-14', '2025-02-18', 2000.00, 'ACC009'),
(10, 10, 10, '2025-03-08', '2025-04-08', '2025-03-10', 1500.00, 'ACC010'),
(11, 11, 11, '2025-04-16', '2025-05-16', '2025-04-20', 4000.00, 'ACC011'),
(12, 12, 12, '2025-05-20', '2025-06-20', '2025-05-22', 3000.00, 'ACC012'),
(13, 13, 13, '2025-06-25', '2025-07-25', '2025-06-28', 4500.00, 'ACC013'),
(14, 14, 14, '2025-07-30', '2025-08-30', '2025-08-02', 2500.00, 'ACC014'),
(15, 15, 15, '2025-08-12', '2025-09-12', '2025-08-15', 3500.00, 'ACC015'),
(16, 16, 16, '2025-09-18', '2025-10-18', '2025-09-20', 5000.00, 'ACC016'),
(17, 17, 17, '2025-10-22', '2025-11-22', '2025-10-25', 5500.00, 'ACC017'),
(18, 18, 18, '2025-11-05', '2025-12-05', '2025-11-08', 3000.00, 'ACC018'),
(19, 19, 19, '2025-12-10', '2026-01-10', '2025-12-12', 4000.00, 'ACC019'),
(20, 20, 20, '2026-01-15', '2026-02-15', '2026-01-18', 1500.00, 'ACC020');
